path_paras,trial,model_name,model_paras,time_train,time_total,MAE_train,RMSE_train,R_train,R2_train,MAPE_train,NSE_train,KGE_train,PCD_train,KLD_train,VAF_train,A10_train,A20_train,MAE_test,RMSE_test,R_test,R2_test,MAPE_test,NSE_test,KGE_test,PCD_test,KLD_test,VAF_test,A10_test,A20_test
tanh-13-RMSE,0,GA-ELM,"{'epoch': 1000, 'pop_size': 50, 'pc': 0.85, 'pm': 0.05}",750.334,750.353,0.97071,1.55343,0.97701,0.95454,0.14902,0.95454,0.96747,0.8748,193.72034,95.45399,0.47424,0.75879,1.22231,2.09357,0.93592,0.86086,0.16162,0.86086,0.92563,0.7972,-2.99714,86.19912,0.4216,0.73519
tanh-13-RMSE,0,CRO-ELM,"{'epoch': 1000, 'pop_size': 50, 'po': 0.85, 'Fb': 0.9, 'Fa': 0.1, 'Fd': 0.1, 'Pd': 0.1, 'GCR': 0.1, 'gamma_min': 0.02, 'gamma_max': 0.2, 'n_trials': 3}",389.527,389.576,0.89715,1.44677,0.98009,0.96057,0.14128,0.96057,0.97204,0.8748,175.6295,96.05686,0.49223,0.77514,1.30689,2.31398,0.9238,0.83002,0.16358,0.83002,0.90772,0.7972,-60.68977,83.3945,0.45296,0.74216
tanh-13-RMSE,0,AGTO-ELM,"{'epoch': 1000, 'pop_size': 50, 'p1': 0.03, 'p2': 0.8, 'beta': 3.0}",701.754,701.8,0.89531,1.44545,0.98012,0.96064,0.13944,0.96064,0.97185,0.90671,167.95339,96.06406,0.49714,0.78168,1.11783,2.06306,0.93506,0.86488,0.1411,0.86488,0.9298,0.83916,-9.82574,86.59729,0.53659,0.76655
tanh-13-RMSE,0,DMOA-ELM,"{'epoch': 1000, 'pop_size': 50, 'peep': 2}",688.094,688.129,0.91709,1.50328,0.97848,0.95743,0.14355,0.95743,0.96976,0.89689,179.74306,95.74277,0.4767,0.76615,1.222,2.18171,0.93382,0.8489,0.15897,0.8489,0.9044,0.83916,-122.09292,85.60918,0.48084,0.77003
tanh-13-RMSE,0,HGS-ELM,"{'epoch': 1000, 'pop_size': 50, 'PUP': 0.03, 'LH': 1000}",713.734,713.75,0.98201,1.59651,0.9757,0.95198,0.1442,0.95198,0.96583,0.89771,200.17293,95.19841,0.47343,0.75715,1.15433,2.04428,0.93756,0.86733,0.15183,0.86733,0.92777,0.80769,-31.43482,86.93532,0.5122,0.77352
tanh-13-RMSE,0,WOA-ELM,"{'epoch': 1000, 'pop_size': 50}",693.515,693.532,0.95154,1.58493,0.97605,0.95268,0.13816,0.95268,0.96655,0.90016,197.99268,95.26784,0.49305,0.77105,1.22045,2.20901,0.92426,0.84509,0.15278,0.84509,0.91961,0.82517,5.40324,84.6053,0.48432,0.7561
tanh-13-RMSE,0,NRO-ELM,"{'epoch': 1000, 'pop_size': 50}",839.328,839.36,0.91486,1.44534,0.98013,0.96065,0.14424,0.96065,0.97188,0.89525,171.6952,96.06464,0.4767,0.75797,1.24773,2.14603,0.93705,0.8538,0.16257,0.8538,0.9085,0.83916,-116.34232,86.05387,0.47735,0.73171
tanh-13-RMSE,0,HGSO-ELM,"{'epoch': 1000, 'pop_size': 50, 'n_clusters': 2}",689.077,689.133,1.11093,1.78082,0.96967,0.94026,0.16893,0.94026,0.95597,0.8838,218.02975,94.02603,0.41047,0.70891,1.27092,2.195,0.92344,0.84705,0.17068,0.84705,0.90603,0.77972,-12.41153,84.86611,0.42857,0.71777
tanh-13-RMSE,0,ASO-ELM,"{'epoch': 1000, 'pop_size': 50, 'alpha': 10, 'beta': 0.2}",950.691,950.711,1.09528,1.8405,0.96757,0.93619,0.16213,0.93619,0.95409,0.90671,244.12004,93.61856,0.43336,0.73181,1.25055,2.23148,0.92872,0.84192,0.15184,0.84192,0.91512,0.8007,-14.29879,84.36075,0.48432,0.75958
tanh-13-RMSE,0,GSKA-ELM,"{'epoch': 1000, 'pop_size': 50, 'pb': 0.1, 'kf': 0.5, 'kr': 0.9, 'kg': 5}",676.927,676.932,1.00558,1.61079,0.97525,0.95112,0.15852,0.95112,0.9642,0.88543,189.94604,95.11221,0.43091,0.71954,1.25618,2.07272,0.93602,0.86362,0.18495,0.86362,0.90129,0.75874,-101.95386,86.95317,0.36585,0.70383
tanh-13-RMSE,0,LCO-ELM,"{'epoch': 1000, 'pop_size': 50, 'r1': 2.35}",693.562,693.613,1.02762,1.71636,0.97186,0.9445,0.15135,0.9445,0.96047,0.90998,217.18222,94.45044,0.46361,0.7498,1.10032,1.99427,0.93594,0.87374,0.14138,0.87374,0.91931,0.82517,3.42749,87.44102,0.52613,0.78049
tanh-13-RMSE,0,SMA-ELM,"{'epoch': 1000, 'pop_size': 50, 'p_t': 0.03}",740.696,740.716,1.05473,1.69165,0.97267,0.94609,0.16604,0.94609,0.96134,0.88625,224.87662,94.60907,0.41374,0.68847,1.30687,2.19819,0.92695,0.8466,0.18278,0.8466,0.89253,0.77622,-97.7876,85.24254,0.37631,0.70035
tanh-13-RMSE,0,SOA-ELM,"{'epoch': 1000, 'pop_size': 50, 'fc': 2}",695.32,695.343,1.06557,1.73821,0.97112,0.94308,0.15914,0.94308,0.95886,0.87889,221.44598,94.30822,0.44726,0.72527,1.23577,2.09466,0.93202,0.86071,0.16961,0.86071,0.9059,0.8007,-57.7967,86.40852,0.44599,0.73171
tanh-13-RMSE,0,TSA-ELM,"{'epoch': 1000, 'pop_size': 50}",703.969,704.018,0.95455,1.5384,0.97745,0.95542,0.14837,0.95542,0.96812,0.88543,182.9164,95.54155,0.46443,0.75879,1.16739,2.0534,0.94189,0.86615,0.15257,0.86615,0.91914,0.81119,-83.67995,87.0614,0.49826,0.75261
tanh-13-RMSE,0,AEO-ELM,"{'epoch': 1000, 'pop_size': 50}",669.459,669.471,1.01587,1.63355,0.97454,0.94973,0.1601,0.94973,0.96385,0.89853,207.48916,94.97301,0.44481,0.72527,1.21854,2.21333,0.92809,0.84448,0.15105,0.84448,0.91883,0.81469,-15.58296,84.62214,0.54007,0.75958
tanh-13-RMSE,0,HS-ELM,"{'epoch': 1000, 'pop_size': 50, 'c_r': 0.95, 'pa_r': 0.05}",708.778,708.819,0.89185,1.4489,0.98003,0.96045,0.1364,0.96045,0.97179,0.89444,165.23905,96.04523,0.49469,0.79313,1.24566,2.29776,0.92801,0.83239,0.1601,0.83239,0.9052,0.83217,-82.90402,83.72779,0.4669,0.75261
tanh-13-RMSE,0,GBO-ELM,"{'epoch': 1000, 'pop_size': 50, 'pr': 0.5, 'beta_min': 0.2, 'beta_max': 1.2}",823.341,823.399,0.90567,1.46045,0.9797,0.95982,0.14029,0.95982,0.97118,0.88134,169.76269,95.98192,0.48978,0.77596,1.23998,2.22644,0.92873,0.84264,0.15831,0.84264,0.91528,0.79371,-46.24276,84.54772,0.43902,0.75958
tanh-13-RMSE,0,PSS-ELM,"{'epoch': 1000, 'pop_size': 50, 'acceptance_rate': 0.9, 'sampling_method': 'LHS'}",419.036,419.042,1.02515,1.58755,0.97597,0.95252,0.17814,0.95252,0.96584,0.86498,228.32735,95.25211,0.4211,0.68357,1.14646,1.99577,0.94092,0.87355,0.15698,0.87355,0.92573,0.81469,-58.88529,87.65321,0.47387,0.7561
tanh-13-RMSE,0,INFO-ELM,"{'epoch': 1000, 'pop_size': 50}",380.389,380.41,0.91908,1.44915,0.98002,0.96044,0.14484,0.96044,0.97173,0.88789,175.84858,96.04388,0.4677,0.77351,1.20463,2.07559,0.93797,0.86324,0.16053,0.86324,0.91405,0.81469,-96.88595,86.84115,0.4878,0.73868
tanh-13-RMSE,0,RUN-ELM,"{'epoch': 1000, 'pop_size': 50}",313.69,313.704,0.90054,1.4391,0.9803,0.96099,0.13997,0.96099,0.97214,0.90344,168.38394,96.09852,0.49223,0.78414,1.23805,2.22847,0.93253,0.84235,0.1611,0.84235,0.90697,0.82517,-101.28026,84.82619,0.45993,0.75261
tanh-13-RMSE,1,GA-ELM,"{'epoch': 1000, 'pop_size': 50, 'pc': 0.85, 'pm': 0.05}",736.427,736.443,0.94818,1.50769,0.97835,0.95718,0.15438,0.95718,0.96903,0.88052,179.97798,95.71783,0.45626,0.73508,1.2041,2.14669,0.9341,0.85371,0.15806,0.85371,0.91042,0.81469,-98.86219,85.92045,0.49129,0.77003
tanh-13-RMSE,1,CRO-ELM,"{'epoch': 1000, 'pop_size': 50, 'po': 0.85, 'Fb': 0.9, 'Fa': 0.1, 'Fd': 0.1, 'Pd': 0.1, 'GCR': 0.1, 'gamma_min': 0.02, 'gamma_max': 0.2, 'n_trials': 3}",393.491,393.5,0.89656,1.44153,0.98023,0.96085,0.13881,0.96085,0.97206,0.8928,167.96159,96.08537,0.48487,0.77105,1.20349,2.14997,0.93269,0.85326,0.15505,0.85326,0.92164,0.80769,-30.51451,85.53264,0.49129,0.74216
tanh-13-RMSE,1,AGTO-ELM,"{'epoch': 1000, 'pop_size': 50, 'p1': 0.03, 'p2': 0.8, 'beta': 3.0}",693.763,693.802,0.92952,1.47976,0.97916,0.95875,0.15332,0.95875,0.97058,0.88134,187.24548,95.87497,0.4628,0.7408,1.1721,2.08222,0.9379,0.86236,0.15484,0.86236,0.91616,0.80769,-90.59931,86.7168,0.50523,0.75958
tanh-13-RMSE,1,DMOA-ELM,"{'epoch': 1000, 'pop_size': 50, 'peep': 2}",705.267,705.307,0.9614,1.50141,0.97854,0.95753,0.16513,0.95753,0.96992,0.86743,197.23394,95.75337,0.43908,0.71137,1.1871,2.07425,0.94064,0.86341,0.15511,0.86341,0.91406,0.83217,-107.93515,86.93179,0.46341,0.78397
tanh-13-RMSE,1,HGS-ELM,"{'epoch': 1000, 'pop_size': 50, 'PUP': 0.03, 'LH': 1000}",707.449,707.493,0.98391,1.62742,0.97473,0.95011,0.148,0.95011,0.96427,0.8928,200.00477,95.01064,0.46443,0.7498,1.19911,2.13447,0.93042,0.85537,0.16133,0.85537,0.90891,0.79021,-63.95211,85.89142,0.49477,0.74216
tanh-13-RMSE,1,WOA-ELM,"{'epoch': 1000, 'pop_size': 50}",689.111,689.16,0.94387,1.52419,0.97787,0.95624,0.14429,0.95624,0.96887,0.89444,184.76702,95.62356,0.45953,0.75552,1.22184,2.10841,0.9363,0.85888,0.16486,0.85888,0.9023,0.7972,-124.07626,86.61076,0.43554,0.74216
tanh-13-RMSE,1,NRO-ELM,"{'epoch': 1000, 'pop_size': 50}",847.915,847.95,0.94069,1.4673,0.97951,0.95944,0.1504,0.95944,0.97141,0.88298,187.49101,95.9442,0.44154,0.75879,1.21256,2.0882,0.93795,0.86157,0.15353,0.86157,0.92254,0.82517,-48.93613,86.42954,0.46341,0.75958
tanh-13-RMSE,1,HGSO-ELM,"{'epoch': 1000, 'pop_size': 50, 'n_clusters': 2}",686.566,686.582,1.0923,1.76873,0.97009,0.94107,0.173,0.94107,0.95727,0.88625,223.28287,94.10662,0.39657,0.70074,1.18965,2.12944,0.92922,0.85605,0.15023,0.85605,0.92583,0.81818,15.17733,85.66866,0.50871,0.74564
tanh-13-RMSE,1,ASO-ELM,"{'epoch': 1000, 'pop_size': 50, 'alpha': 10, 'beta': 0.2}",958.476,958.531,1.09867,1.81298,0.96855,0.93808,0.16254,0.93808,0.9548,0.87234,228.16736,93.8081,0.42191,0.71545,1.41427,2.41223,0.91829,0.81528,0.18572,0.81528,0.90135,0.75524,-47.71025,81.92907,0.4216,0.69338
tanh-13-RMSE,1,GSKA-ELM,"{'epoch': 1000, 'pop_size': 50, 'pb': 0.1, 'kf': 0.5, 'kr': 0.9, 'kg': 5}",594.513,594.52,1.03582,1.63185,0.9746,0.94983,0.1578,0.94983,0.96514,0.88216,241.59718,94.98376,0.435,0.71545,1.32464,2.16762,0.93001,0.85084,0.18323,0.85084,0.90053,0.80769,-89.94661,85.6463,0.38328,0.69686
tanh-13-RMSE,1,LCO-ELM,"{'epoch': 1000, 'pop_size': 50, 'r1': 2.35}",672.301,672.352,0.99991,1.65694,0.9738,0.94828,0.15174,0.94828,0.96299,0.90344,205.45404,94.82798,0.4628,0.74816,1.21029,2.08908,0.93152,0.86145,0.1644,0.86145,0.90838,0.79021,-43.02949,86.39512,0.45645,0.71429
tanh-13-RMSE,1,SMA-ELM,"{'epoch': 1000, 'pop_size': 50, 'p_t': 0.03}",725.167,725.224,1.05214,1.68906,0.97276,0.94626,0.16697,0.94626,0.96147,0.88625,223.46956,94.62556,0.41619,0.6991,1.23476,2.12463,0.92896,0.8567,0.1712,0.8567,0.89417,0.79021,-61.76656,86.01448,0.4216,0.71777
tanh-13-RMSE,1,SOA-ELM,"{'epoch': 1000, 'pop_size': 50, 'fc': 2}",712.436,712.448,1.07348,1.75418,0.97058,0.94203,0.16611,0.94203,0.95917,0.89444,252.29176,94.2033,0.40638,0.69828,1.28027,2.1348,0.92776,0.85532,0.18154,0.85532,0.8834,0.7972,-63.42023,85.90692,0.39721,0.70035
tanh-13-RMSE,1,TSA-ELM,"{'epoch': 1000, 'pop_size': 50}",700.111,700.125,1.03872,1.65878,0.97374,0.94817,0.16512,0.94817,0.96291,0.86661,219.14663,94.81654,0.41292,0.69828,1.21942,2.07855,0.93174,0.86285,0.16962,0.86285,0.90348,0.8042,-42.71623,86.54101,0.44948,0.73171
tanh-13-RMSE,1,AEO-ELM,"{'epoch': 1000, 'pop_size': 50}",684.82,684.86,1.023,1.61798,0.97503,0.95068,0.16103,0.95068,0.96472,0.88134,214.11804,95.06834,0.42682,0.713,1.33194,2.17306,0.93077,0.85009,0.19083,0.85009,0.90015,0.7972,-97.92711,85.64459,0.37979,0.68293
tanh-13-RMSE,1,HS-ELM,"{'epoch': 1000, 'pop_size': 50, 'c_r': 0.95, 'pa_r': 0.05}",697.671,697.693,0.92237,1.49563,0.9787,0.95786,0.13797,0.95786,0.96933,0.89689,164.49982,95.78605,0.50286,0.78659,1.2123,2.27626,0.92597,0.83551,0.15109,0.83551,0.91243,0.82517,-29.83982,83.7731,0.48084,0.76655
tanh-13-RMSE,1,GBO-ELM,"{'epoch': 1000, 'pop_size': 50, 'pr': 0.5, 'beta_min': 0.2, 'beta_max': 1.2}",813.379,813.432,0.91101,1.47787,0.97921,0.95885,0.1411,0.95885,0.97072,0.88707,176.17731,95.88548,0.47833,0.78741,1.21805,2.21072,0.93467,0.84485,0.1508,0.84485,0.906,0.81818,-38.07387,84.73391,0.4669,0.77003
tanh-13-RMSE,1,PSS-ELM,"{'epoch': 1000, 'pop_size': 50, 'acceptance_rate': 0.9, 'sampling_method': 'LHS'}",449.998,450.002,0.99246,1.57467,0.97637,0.95329,0.16317,0.95329,0.96686,0.89853,218.4245,95.32888,0.43173,0.69501,1.26279,2.0871,0.93531,0.86172,0.17828,0.86172,0.91166,0.7972,-77.97585,86.62705,0.43206,0.71777
tanh-13-RMSE,1,INFO-ELM,"{'epoch': 1000, 'pop_size': 50}",393.229,393.249,0.90628,1.4423,0.98021,0.96081,0.13789,0.96081,0.97195,0.89607,166.76127,96.08118,0.49387,0.78005,1.24508,2.27911,0.92329,0.8351,0.15439,0.8351,0.90579,0.81818,-74.05863,83.93691,0.49826,0.77003
tanh-13-RMSE,1,RUN-ELM,"{'epoch': 1000, 'pop_size': 50}",319.496,319.509,0.90019,1.46709,0.97952,0.95945,0.13421,0.95945,0.97104,0.9018,168.81129,95.94531,0.49714,0.80213,1.17261,2.06352,0.9376,0.86482,0.15135,0.86482,0.92717,0.81818,-31.15684,86.67169,0.49129,0.75958
tanh-13-RMSE,2,GA-ELM,"{'epoch': 1000, 'pop_size': 50, 'pc': 0.85, 'pm': 0.05}",738.72,738.761,0.96204,1.53306,0.97761,0.95572,0.15197,0.95572,0.96825,0.87152,193.45874,95.57248,0.45871,0.75225,1.1817,2.03385,0.94101,0.86868,0.16025,0.86868,0.91612,0.83217,-97.79864,87.39819,0.49129,0.75958
tanh-13-RMSE,2,CRO-ELM,"{'epoch': 1000, 'pop_size': 50, 'po': 0.85, 'Fb': 0.9, 'Fa': 0.1, 'Fd': 0.1, 'Pd': 0.1, 'GCR': 0.1, 'gamma_min': 0.02, 'gamma_max': 0.2, 'n_trials': 3}",400.452,400.463,0.93509,1.53004,0.9777,0.9559,0.14144,0.9559,0.96853,0.89853,181.96487,95.58987,0.4906,0.78168,1.26277,2.34267,0.92282,0.82578,0.15204,0.82578,0.90665,0.82867,-40.01166,82.84645,0.51568,0.74564
tanh-13-RMSE,2,AGTO-ELM,"{'epoch': 1000, 'pop_size': 50, 'p1': 0.03, 'p2': 0.8, 'beta': 3.0}",701.443,701.485,0.94651,1.4787,0.97919,0.95881,0.14942,0.95881,0.97095,0.8838,192.26295,95.88091,0.44726,0.73508,1.29096,2.26133,0.93006,0.83767,0.16693,0.83767,0.90392,0.7972,-106.32576,84.42064,0.47735,0.74564
tanh-13-RMSE,2,DMOA-ELM,"{'epoch': 1000, 'pop_size': 50, 'peep': 2}",700.977,701.013,0.92603,1.50919,0.97831,0.95709,0.14461,0.95709,0.9691,0.89444,175.85235,95.70928,0.47915,0.76778,1.16084,2.16829,0.93161,0.85075,0.14695,0.85075,0.92049,0.83566,-34.0523,85.28387,0.4878,0.777
tanh-13-RMSE,2,HGS-ELM,"{'epoch': 1000, 'pop_size': 50, 'PUP': 0.03, 'LH': 1000}",696.51,696.533,0.98458,1.63993,0.97434,0.94934,0.14802,0.94934,0.96363,0.87807,199.84839,94.93367,0.46198,0.74652,1.24853,2.10704,0.93192,0.85906,0.1664,0.85906,0.91234,0.76224,-53.37726,86.21537,0.44948,0.7108
tanh-13-RMSE,2,WOA-ELM,"{'epoch': 1000, 'pop_size': 50}",693.27,693.288,0.98491,1.60494,0.97544,0.95148,0.15037,0.95148,0.96576,0.87971,211.29901,95.14757,0.47424,0.73998,1.21336,2.10306,0.93805,0.85959,0.16348,0.85959,0.90843,0.82517,-118.27163,86.63676,0.43206,0.74216
tanh-13-RMSE,2,NRO-ELM,"{'epoch': 1000, 'pop_size': 50}",834.883,834.915,0.9286,1.50243,0.97851,0.95748,0.14306,0.95748,0.97008,0.90098,191.569,95.74768,0.49632,0.76043,1.20494,2.05096,0.93904,0.86646,0.15792,0.86646,0.92532,0.83566,-49.97945,86.92003,0.45645,0.77352
tanh-13-RMSE,2,HGSO-ELM,"{'epoch': 1000, 'pop_size': 50, 'n_clusters': 2}",689.743,689.766,1.05819,1.76256,0.9703,0.94148,0.16009,0.94148,0.9578,0.89771,217.5796,94.14764,0.43418,0.74571,1.16183,2.08056,0.93187,0.86258,0.14767,0.86258,0.93074,0.81119,38.68732,86.27848,0.50174,0.75261
tanh-13-RMSE,2,ASO-ELM,"{'epoch': 1000, 'pop_size': 50, 'alpha': 10, 'beta': 0.2}",934.357,934.384,1.14367,1.84745,0.96732,0.9357,0.18129,0.9357,0.9523,0.8748,225.63652,93.5708,0.37204,0.65985,1.19556,2.25263,0.9211,0.83891,0.1499,0.83891,0.9198,0.81818,42.76152,83.92141,0.5122,0.7561
tanh-13-RMSE,2,GSKA-ELM,"{'epoch': 1000, 'pop_size': 50, 'pb': 0.1, 'kf': 0.5, 'kr': 0.9, 'kg': 5}",587.819,587.825,1.04579,1.65517,0.97385,0.94839,0.16962,0.94839,0.96341,0.87234,234.75802,94.83911,0.40311,0.68847,1.2111,2.06321,0.93967,0.86486,0.16307,0.86486,0.91501,0.78322,-99.40675,87.02862,0.45296,0.72822
tanh-13-RMSE,2,LCO-ELM,"{'epoch': 1000, 'pop_size': 50, 'r1': 2.35}",697.677,697.73,1.02414,1.69838,0.97245,0.94566,0.15821,0.94566,0.9605,0.89689,201.93432,94.56614,0.43336,0.73426,1.18416,2.24509,0.91944,0.83999,0.14203,0.83999,0.91904,0.84266,77.71501,83.99891,0.52962,0.76655
tanh-13-RMSE,2,SMA-ELM,"{'epoch': 1000, 'pop_size': 50, 'p_t': 0.03}",732.878,732.912,1.05827,1.69581,0.97254,0.94583,0.1685,0.94583,0.96113,0.8748,229.36125,94.58251,0.41455,0.70401,1.29,2.12761,0.9289,0.8563,0.18884,0.8563,0.88628,0.75874,-72.19036,86.05253,0.37282,0.67247
tanh-13-RMSE,2,SOA-ELM,"{'epoch': 1000, 'pop_size': 50, 'fc': 2}",672.378,672.402,1.0707,1.75758,0.97047,0.94181,0.15814,0.94181,0.95831,0.89689,235.25256,94.18063,0.44154,0.7269,1.22186,2.07292,0.93248,0.86359,0.17193,0.86359,0.90715,0.78671,-41.40023,86.61749,0.41463,0.70732
tanh-13-RMSE,2,TSA-ELM,"{'epoch': 1000, 'pop_size': 50}",697.713,697.763,1.01111,1.57488,0.97636,0.95328,0.17392,0.95328,0.9659,0.85025,205.18645,95.32768,0.42682,0.68847,1.22567,2.06236,0.9404,0.86497,0.16756,0.86497,0.9174,0.79021,-88.95962,86.9972,0.44948,0.73171
tanh-13-RMSE,2,AEO-ELM,"{'epoch': 1000, 'pop_size': 50}",693.58,693.621,1.02153,1.67463,0.97323,0.94717,0.15424,0.94717,0.96158,0.89853,197.21872,94.71705,0.44399,0.74162,1.31733,2.31974,0.9258,0.82917,0.16502,0.82917,0.90354,0.82517,-89.31801,83.46477,0.46341,0.74913
tanh-13-RMSE,2,HS-ELM,"{'epoch': 1000, 'pop_size': 50, 'c_r': 0.95, 'pa_r': 0.05}",723.162,723.189,0.93812,1.47932,0.97917,0.95877,0.14808,0.95877,0.97074,0.88543,183.9764,95.87742,0.4489,0.74816,1.2991,2.23292,0.93768,0.84172,0.1734,0.84172,0.89419,0.75874,-159.59034,85.25401,0.44599,0.75261
tanh-13-RMSE,2,GBO-ELM,"{'epoch': 1000, 'pop_size': 50, 'pr': 0.5, 'beta_min': 0.2, 'beta_max': 1.2}",817.846,817.868,0.92142,1.493,0.97878,0.95801,0.1394,0.95801,0.96982,0.89607,171.38332,95.8008,0.48406,0.78659,1.23562,2.12657,0.93767,0.85644,0.16309,0.85644,0.90735,0.8007,-123.861,86.35932,0.44251,0.77352
tanh-13-RMSE,2,PSS-ELM,"{'epoch': 1000, 'pop_size': 50, 'acceptance_rate': 0.9, 'sampling_method': 'LHS'}",420.86,420.866,0.99455,1.60046,0.97557,0.95175,0.15789,0.95175,0.96561,0.86661,215.96407,95.17459,0.44154,0.73017,1.24934,1.99974,0.94282,0.87305,0.18153,0.87305,0.91097,0.79371,-111.59701,87.94011,0.38676,0.69686
tanh-13-RMSE,2,INFO-ELM,"{'epoch': 1000, 'pop_size': 50}",383.669,383.691,0.88522,1.42278,0.98075,0.96187,0.13408,0.96187,0.97293,0.89525,164.51572,96.18652,0.50286,0.79967,1.25099,2.27947,0.9297,0.83505,0.15614,0.83505,0.90106,0.82867,-120.51587,84.23715,0.50174,0.75958
tanh-13-RMSE,2,RUN-ELM,"{'epoch': 1000, 'pop_size': 50}",313.345,313.359,0.89533,1.43467,0.98042,0.96123,0.13594,0.96123,0.9723,0.89034,164.38917,96.12255,0.50204,0.79231,1.16512,2.05037,0.94096,0.86654,0.1468,0.86654,0.91923,0.81469,-91.19301,87.11538,0.50523,0.77352
tanh-13-RMSE,3,GA-ELM,"{'epoch': 1000, 'pop_size': 50, 'pc': 0.85, 'pm': 0.05}",761.096,761.108,0.92761,1.50081,0.97855,0.95757,0.14548,0.95757,0.96912,0.88707,168.42843,95.75683,0.46607,0.77105,1.19888,2.13605,0.93507,0.85515,0.15656,0.85515,0.9175,0.81469,-71.71594,85.90159,0.45993,0.75261
tanh-13-RMSE,3,CRO-ELM,"{'epoch': 1000, 'pop_size': 50, 'po': 0.85, 'Fb': 0.9, 'Fa': 0.1, 'Fd': 0.1, 'Pd': 0.1, 'GCR': 0.1, 'gamma_min': 0.02, 'gamma_max': 0.2, 'n_trials': 3}",385.607,385.649,0.88472,1.4317,0.9805,0.96139,0.13403,0.96139,0.97239,0.89525,161.58248,96.13854,0.50613,0.79886,1.2226,2.18693,0.93792,0.84817,0.15121,0.84817,0.9061,0.82867,-95.76502,85.35827,0.48432,0.79443
tanh-13-RMSE,3,AGTO-ELM,"{'epoch': 1000, 'pop_size': 50, 'p1': 0.03, 'p2': 0.8, 'beta': 3.0}",692.295,692.31,0.94045,1.48743,0.97894,0.95832,0.14851,0.95832,0.9702,0.89034,178.08272,95.83207,0.44808,0.75715,1.23154,2.26508,0.92416,0.83713,0.15429,0.83713,0.91465,0.82517,-31.47715,83.94138,0.47387,0.75958
tanh-13-RMSE,3,DMOA-ELM,"{'epoch': 1000, 'pop_size': 50, 'peep': 2}",684.988,685.022,0.91806,1.47442,0.97931,0.95905,0.14658,0.95905,0.97085,0.88052,181.94402,95.90467,0.48406,0.75961,1.17825,2.08955,0.93659,0.86139,0.15398,0.86139,0.91818,0.79371,-78.02352,86.5435,0.46341,0.77003
tanh-13-RMSE,3,HGS-ELM,"{'epoch': 1000, 'pop_size': 50, 'PUP': 0.03, 'LH': 1000}",711.12,711.137,1.00084,1.63977,0.97434,0.94935,0.15214,0.94935,0.96363,0.90098,201.35874,94.93466,0.45707,0.74816,1.1508,2.04882,0.93408,0.86674,0.15491,0.86674,0.90904,0.82867,-47.2044,86.92739,0.49129,0.78049
tanh-13-RMSE,3,WOA-ELM,"{'epoch': 1000, 'pop_size': 50}",697.128,697.173,0.95904,1.54428,0.97728,0.95507,0.14899,0.95507,0.9678,0.87561,192.01417,95.50742,0.47588,0.75225,1.2636,2.09252,0.93752,0.861,0.16816,0.861,0.92096,0.79371,-59.05775,86.44308,0.43554,0.71429
tanh-13-RMSE,3,NRO-ELM,"{'epoch': 1000, 'pop_size': 50}",862.038,862.075,0.95264,1.51254,0.97821,0.9569,0.14598,0.9569,0.9691,0.89444,180.93273,95.69018,0.4628,0.76697,1.18116,2.16421,0.92682,0.85131,0.15118,0.85131,0.9228,0.8007,10.94937,85.20397,0.50174,0.76655
tanh-13-RMSE,3,HGSO-ELM,"{'epoch': 1000, 'pop_size': 50, 'n_clusters': 2}",677.496,677.546,1.06637,1.76411,0.97024,0.94137,0.15764,0.94137,0.95859,0.90589,241.40581,94.13741,0.45544,0.73262,1.17946,2.10983,0.92954,0.85869,0.15219,0.85869,0.90558,0.83566,-35.78888,86.08866,0.51916,0.77352
tanh-13-RMSE,3,ASO-ELM,"{'epoch': 1000, 'pop_size': 50, 'alpha': 10, 'beta': 0.2}",956.135,956.154,1.13419,1.8049,0.96884,0.93863,0.17339,0.93863,0.95866,0.86989,322.59819,93.86535,0.39248,0.68438,1.28934,2.2503,0.92061,0.83924,0.17741,0.83924,0.8986,0.81119,-32.38623,84.2058,0.40767,0.72822
tanh-13-RMSE,3,GSKA-ELM,"{'epoch': 1000, 'pop_size': 50, 'pb': 0.1, 'kf': 0.5, 'kr': 0.9, 'kg': 5}",580.545,580.551,1.04003,1.6401,0.97433,0.94933,0.16556,0.94933,0.96357,0.87561,217.7961,94.93258,0.41455,0.70074,1.27019,2.18099,0.93016,0.849,0.17278,0.849,0.9051,0.79371,-88.50984,85.44248,0.46341,0.70732
tanh-13-RMSE,3,LCO-ELM,"{'epoch': 1000, 'pop_size': 50, 'r1': 2.35}",710.438,710.493,1.03135,1.67621,0.97318,0.94707,0.15446,0.94707,0.96191,0.89689,208.62269,94.70703,0.44808,0.74816,1.18937,2.07485,0.9334,0.86334,0.16133,0.86334,0.90706,0.82168,-62.26321,86.67345,0.48432,0.72474
tanh-13-RMSE,3,SMA-ELM,"{'epoch': 1000, 'pop_size': 50, 'p_t': 0.03}",719.839,719.892,1.00815,1.69533,0.97255,0.94586,0.14512,0.94586,0.96118,0.88707,206.97345,94.58553,0.48078,0.76942,1.20727,2.16924,0.92812,0.85062,0.15184,0.85062,0.92156,0.77622,-14.0834,85.20758,0.47735,0.7561
tanh-13-RMSE,3,SOA-ELM,"{'epoch': 1000, 'pop_size': 50, 'fc': 2}",701.997,702.022,1.06092,1.71701,0.97183,0.94446,0.16969,0.94446,0.96014,0.89198,228.1167,94.44616,0.41292,0.68438,1.24711,2.12958,0.92787,0.85603,0.17667,0.85603,0.87815,0.78322,-67.32573,85.98381,0.40418,0.71429
tanh-13-RMSE,3,TSA-ELM,"{'epoch': 1000, 'pop_size': 50}",711.316,711.367,1.01798,1.59438,0.97576,0.95211,0.16806,0.95211,0.96576,0.86743,217.76118,95.21117,0.43254,0.69828,1.22612,2.04332,0.9387,0.86746,0.1767,0.86746,0.8998,0.79371,-118.80768,87.43083,0.44251,0.70383
tanh-13-RMSE,3,AEO-ELM,"{'epoch': 1000, 'pop_size': 50}",680.037,680.075,1.00836,1.66038,0.97369,0.94806,0.15408,0.94806,0.96281,0.8928,209.67187,94.8065,0.44563,0.74162,1.21541,2.12321,0.9269,0.85689,0.16463,0.85689,0.9046,0.8007,9.36438,85.77033,0.45645,0.73519
tanh-13-RMSE,3,HS-ELM,"{'epoch': 1000, 'pop_size': 50, 'c_r': 0.95, 'pa_r': 0.05}",715.529,715.551,0.91247,1.47696,0.97924,0.95891,0.14137,0.95891,0.97062,0.89034,175.96341,95.89056,0.49959,0.78496,1.23271,2.25061,0.92756,0.8392,0.14802,0.8392,0.91076,0.83916,16.82914,83.9957,0.50871,0.7561
tanh-13-RMSE,3,GBO-ELM,"{'epoch': 1000, 'pop_size': 50, 'pr': 0.5, 'beta_min': 0.2, 'beta_max': 1.2}",770.174,770.208,0.92341,1.47263,0.97936,0.95915,0.14495,0.95915,0.97077,0.88134,176.22446,95.91463,0.45953,0.77433,1.26728,2.1737,0.93657,0.85,0.16203,0.85,0.90881,0.81469,-105.82398,85.61179,0.47038,0.75958
tanh-13-RMSE,3,PSS-ELM,"{'epoch': 1000, 'pop_size': 50, 'acceptance_rate': 0.9, 'sampling_method': 'LHS'}",416.297,416.303,0.96283,1.57068,0.97649,0.95352,0.15617,0.95352,0.96591,0.87971,177.19517,95.35263,0.44808,0.73671,1.16159,2.02532,0.93997,0.86978,0.14947,0.86978,0.92719,0.81119,22.28316,87.02381,0.4669,0.75958
tanh-13-RMSE,3,INFO-ELM,"{'epoch': 1000, 'pop_size': 50}",315.043,315.059,0.90342,1.4313,0.98051,0.96141,0.14001,0.96141,0.97245,0.89689,167.74033,96.1407,0.48569,0.78332,1.23454,2.21477,0.93662,0.84428,0.1523,0.84428,0.90401,0.81119,-98.23831,84.97894,0.49477,0.76307
tanh-13-RMSE,3,RUN-ELM,"{'epoch': 1000, 'pop_size': 50}",328.065,328.078,0.88842,1.43103,0.98052,0.96142,0.13379,0.96142,0.97247,0.89853,163.10285,96.14218,0.5094,0.79395,1.17751,2.1223,0.93567,0.85701,0.14816,0.85701,0.92063,0.83916,-55.62991,85.99306,0.45993,0.77352
tanh-13-RMSE,4,GA-ELM,"{'epoch': 1000, 'pop_size': 50, 'pc': 0.85, 'pm': 0.05}",747.696,747.707,0.93313,1.51448,0.97816,0.95679,0.14044,0.95679,0.96896,0.89525,174.59788,95.67914,0.48814,0.78414,1.22497,2.10907,0.93936,0.85879,0.16087,0.85879,0.91398,0.82867,-95.78555,86.41898,0.47735,0.75261
tanh-13-RMSE,4,CRO-ELM,"{'epoch': 1000, 'pop_size': 50, 'po': 0.85, 'Fb': 0.9, 'Fa': 0.1, 'Fd': 0.1, 'Pd': 0.1, 'GCR': 0.1, 'gamma_min': 0.02, 'gamma_max': 0.2, 'n_trials': 3}",396.258,396.312,0.87932,1.42741,0.98062,0.96162,0.13401,0.96162,0.97272,0.90098,164.69516,96.16168,0.51022,0.80376,1.1604,2.13593,0.93474,0.85517,0.14246,0.85517,0.92087,0.82867,-37.03387,85.7302,0.51568,0.79791
tanh-13-RMSE,4,AGTO-ELM,"{'epoch': 1000, 'pop_size': 50, 'p1': 0.03, 'p2': 0.8, 'beta': 3.0}",701.737,701.777,0.89317,1.45206,0.97994,0.96028,0.13402,0.96028,0.97181,0.88789,169.68145,96.02794,0.50531,0.80294,1.23406,2.17762,0.93439,0.84946,0.1562,0.84946,0.9134,0.79021,-76.50431,85.38076,0.45296,0.77003
tanh-13-RMSE,4,DMOA-ELM,"{'epoch': 1000, 'pop_size': 50, 'peep': 2}",705.285,705.316,0.91408,1.49022,0.97886,0.95816,0.13602,0.95816,0.96968,0.89935,166.03747,95.81648,0.50695,0.78087,1.16015,2.06966,0.9387,0.86402,0.15133,0.86402,0.92194,0.84266,-67.95508,86.75112,0.48084,0.77003
tanh-13-RMSE,4,HGS-ELM,"{'epoch': 1000, 'pop_size': 50, 'PUP': 0.03, 'LH': 1000}",715.838,715.895,0.98162,1.5888,0.97593,0.95245,0.15196,0.95245,0.96592,0.86907,195.74091,95.24464,0.4489,0.74325,1.13616,1.95072,0.9419,0.8792,0.15633,0.8792,0.90519,0.8042,-92.08306,88.3756,0.50174,0.76655
tanh-13-RMSE,4,WOA-ELM,"{'epoch': 1000, 'pop_size': 50}",684.843,684.869,0.9696,1.61441,0.97514,0.9509,0.14667,0.9509,0.96517,0.89525,201.27428,95.0901,0.46361,0.75634,1.26815,2.27951,0.92235,0.83504,0.15956,0.83504,0.91155,0.82867,-38.2195,83.77457,0.48432,0.74913
tanh-13-RMSE,4,NRO-ELM,"{'epoch': 1000, 'pop_size': 50}",837.813,837.854,0.92495,1.51342,0.97819,0.95685,0.1394,0.95685,0.96907,0.88462,176.91675,95.68516,0.49877,0.76533,1.16371,2.07058,0.93849,0.8639,0.14708,0.8639,0.92469,0.81818,-41.25512,86.61951,0.49826,0.7561
tanh-13-RMSE,4,HGSO-ELM,"{'epoch': 1000, 'pop_size': 50, 'n_clusters': 2}",694.647,694.687,1.0667,1.76652,0.97016,0.94121,0.15743,0.94121,0.95787,0.89034,229.00998,94.12129,0.44726,0.75307,1.27227,2.23256,0.92059,0.84177,0.16594,0.84177,0.91498,0.76573,34.82397,84.22595,0.48432,0.7108
tanh-13-RMSE,4,ASO-ELM,"{'epoch': 1000, 'pop_size': 50, 'alpha': 10, 'beta': 0.2}",948.467,948.524,1.13175,1.83551,0.96781,0.93653,0.16815,0.93653,0.9596,0.88789,392.36408,93.66582,0.3843,0.66885,1.43565,2.42626,0.92349,0.81312,0.19282,0.81312,0.87163,0.77972,-196.75173,82.87628,0.4216,0.70383
tanh-13-RMSE,4,GSKA-ELM,"{'epoch': 1000, 'pop_size': 50, 'pb': 0.1, 'kf': 0.5, 'kr': 0.9, 'kg': 5}",588.458,588.464,1.02911,1.64735,0.9741,0.94888,0.15885,0.94888,0.96371,0.89198,219.44174,94.88773,0.43581,0.73998,1.22082,2.23139,0.92619,0.84194,0.15117,0.84194,0.91872,0.82867,-6.59076,84.32983,0.4878,0.74913
tanh-13-RMSE,4,LCO-ELM,"{'epoch': 1000, 'pop_size': 50, 'r1': 2.35}",679.303,679.353,1.00303,1.65501,0.97386,0.9484,0.14987,0.9484,0.96304,0.89771,201.83153,94.84002,0.45871,0.75388,1.15524,2.05209,0.93471,0.86632,0.15391,0.86632,0.9122,0.81818,-56.17389,86.91828,0.50523,0.77352
tanh-13-RMSE,4,SMA-ELM,"{'epoch': 1000, 'pop_size': 50, 'p_t': 0.03}",746.055,746.115,1.03556,1.69816,0.97246,0.94567,0.15883,0.94567,0.96105,0.89116,218.77199,94.56749,0.44235,0.73181,1.22547,2.08399,0.93152,0.86213,0.16916,0.86213,0.89625,0.78671,-59.97736,86.53634,0.41115,0.72822
tanh-13-RMSE,4,SOA-ELM,"{'epoch': 1000, 'pop_size': 50, 'fc': 2}",697.871,697.9,1.04232,1.68488,0.97289,0.94652,0.15537,0.94652,0.96143,0.88543,209.64844,94.65209,0.42355,0.73344,1.2105,2.13648,0.93012,0.8551,0.15661,0.8551,0.9089,0.8007,-61.17643,85.85264,0.49129,0.75958
tanh-13-RMSE,4,TSA-ELM,"{'epoch': 1000, 'pop_size': 50}",710.087,710.139,1.0233,1.65049,0.974,0.94868,0.16537,0.94868,0.96309,0.87807,213.63427,94.86817,0.43336,0.71464,1.2071,2.08746,0.93612,0.86167,0.15211,0.86167,0.92606,0.82517,4.75689,86.26005,0.48432,0.74564
tanh-13-RMSE,4,AEO-ELM,"{'epoch': 1000, 'pop_size': 50}",686.802,686.843,0.99783,1.64784,0.97409,0.94885,0.14831,0.94885,0.9631,0.89198,196.90939,94.88465,0.46116,0.7637,1.14293,2.04643,0.93215,0.86705,0.14312,0.86705,0.92372,0.80769,46.39432,86.71532,0.51916,0.76655
tanh-13-RMSE,4,HS-ELM,"{'epoch': 1000, 'pop_size': 50, 'c_r': 0.95, 'pa_r': 0.05}",724.606,724.657,0.93798,1.57311,0.97641,0.95338,0.13854,0.95338,0.96699,0.90426,190.6702,95.33811,0.50286,0.77923,1.21992,2.21299,0.92638,0.84453,0.15518,0.84453,0.91399,0.81818,-45.43992,84.7344,0.4669,0.7561
tanh-13-RMSE,4,GBO-ELM,"{'epoch': 1000, 'pop_size': 50, 'pr': 0.5, 'beta_min': 0.2, 'beta_max': 1.2}",579.707,579.742,0.9201,1.46651,0.97953,0.95949,0.1424,0.95949,0.97116,0.89198,174.38808,95.94851,0.47097,0.77105,1.13918,2.06486,0.93972,0.86465,0.14598,0.86465,0.92093,0.82168,-76.40824,86.85181,0.50174,0.78746
tanh-13-RMSE,4,PSS-ELM,"{'epoch': 1000, 'pop_size': 50, 'acceptance_rate': 0.9, 'sampling_method': 'LHS'}",406.216,406.22,0.99563,1.5946,0.97576,0.9521,0.15874,0.9521,0.96527,0.88543,194.14477,95.20989,0.42927,0.73017,1.18959,1.9981,0.94213,0.87326,0.16402,0.87326,0.92362,0.83916,-71.55048,87.70344,0.45296,0.74913
tanh-13-RMSE,4,INFO-ELM,"{'epoch': 1000, 'pop_size': 50}",314.397,314.414,0.93826,1.55533,0.97695,0.95443,0.13601,0.95443,0.96738,0.90917,179.46547,95.4429,0.49796,0.79231,1.16224,2.1693,0.92645,0.85061,0.14181,0.85061,0.92198,0.85315,5.73291,85.13967,0.51568,0.78397
tanh-13-RMSE,4,RUN-ELM,"{'epoch': 1000, 'pop_size': 50}",322.113,322.132,0.88203,1.4348,0.98042,0.96122,0.13142,0.96122,0.97218,0.9018,158.15917,96.1218,0.51431,0.80785,1.26474,2.32495,0.92903,0.8284,0.15665,0.8284,0.89975,0.78322,-90.0186,83.39256,0.45645,0.77352
tanh-13-RMSE,5,GA-ELM,"{'epoch': 1000, 'pop_size': 50, 'pc': 0.85, 'pm': 0.05}",752.776,752.815,0.92575,1.5304,0.97769,0.95588,0.13794,0.95588,0.96845,0.9018,178.76381,95.58779,0.50204,0.7776,1.21191,2.1759,0.93752,0.8497,0.15019,0.8497,0.9084,0.81119,-98.33524,85.52127,0.49477,0.777
tanh-13-RMSE,5,CRO-ELM,"{'epoch': 1000, 'pop_size': 50, 'po': 0.85, 'Fb': 0.9, 'Fa': 0.1, 'Fd': 0.1, 'Pd': 0.1, 'GCR': 0.1, 'gamma_min': 0.02, 'gamma_max': 0.2, 'n_trials': 3}",389.81,389.853,0.8995,1.44641,0.9801,0.96059,0.13704,0.96059,0.97191,0.89771,165.99217,96.05882,0.49796,0.79068,1.16986,2.0577,0.94052,0.86559,0.14773,0.86559,0.92296,0.81469,-41.02002,86.77938,0.49129,0.7561
tanh-13-RMSE,5,AGTO-ELM,"{'epoch': 1000, 'pop_size': 50, 'p1': 0.03, 'p2': 0.8, 'beta': 3.0}",717.348,717.389,0.95199,1.50883,0.97832,0.95711,0.15476,0.95711,0.96984,0.87807,203.36124,95.71137,0.45217,0.73917,1.33203,2.19841,0.93187,0.84657,0.1841,0.84657,0.90645,0.7972,-96.52968,85.28014,0.4007,0.66551
tanh-13-RMSE,5,DMOA-ELM,"{'epoch': 1000, 'pop_size': 50, 'peep': 2}",712.782,712.817,0.92979,1.48717,0.97895,0.95834,0.14237,0.95834,0.97027,0.89116,178.75666,95.83354,0.47506,0.76942,1.2396,2.21735,0.93102,0.84392,0.16106,0.84392,0.90838,0.78671,-96.18258,84.94804,0.49129,0.75261
tanh-13-RMSE,5,HGS-ELM,"{'epoch': 1000, 'pop_size': 50, 'PUP': 0.03, 'LH': 1000}",717.099,717.152,0.97675,1.62446,0.97483,0.95029,0.14368,0.95029,0.96426,0.90507,191.15989,95.02879,0.47261,0.76533,1.18449,2.18929,0.92786,0.84784,0.14587,0.84784,0.91505,0.84965,-49.55289,85.06628,0.51916,0.78049
tanh-13-RMSE,5,WOA-ELM,"{'epoch': 1000, 'pop_size': 50}",714.478,714.493,0.98613,1.5821,0.97614,0.95285,0.15691,0.95285,0.96627,0.88298,200.05322,95.28469,0.44235,0.73508,1.19693,2.16376,0.92666,0.85137,0.15423,0.85137,0.90514,0.83217,-44.97065,85.39624,0.4878,0.777
tanh-13-RMSE,5,NRO-ELM,"{'epoch': 1000, 'pop_size': 50}",850.653,850.689,0.92935,1.47694,0.97924,0.95891,0.14846,0.95891,0.97093,0.88216,187.2372,95.89068,0.46688,0.74898,1.23825,2.14938,0.93665,0.85334,0.16613,0.85334,0.90977,0.8042,-108.97253,85.96236,0.47735,0.74216
tanh-13-RMSE,5,HGSO-ELM,"{'epoch': 1000, 'pop_size': 50, 'n_clusters': 2}",695.789,695.818,1.07343,1.77347,0.96992,0.94075,0.16525,0.94075,0.95673,0.87725,222.4482,94.07509,0.42927,0.71627,1.31873,2.28897,0.92778,0.83367,0.16586,0.83367,0.89886,0.8007,24.964,83.43676,0.40418,0.71429
tanh-13-RMSE,5,ASO-ELM,"{'epoch': 1000, 'pop_size': 50, 'alpha': 10, 'beta': 0.2}",955.972,955.995,1.13234,1.80046,0.96899,0.93893,0.17983,0.93893,0.95791,0.88871,306.0107,93.89406,0.38185,0.67294,1.27323,2.21892,0.92617,0.8437,0.16951,0.8437,0.91281,0.79371,-46.79968,84.67433,0.44948,0.72125
tanh-13-RMSE,5,GSKA-ELM,"{'epoch': 1000, 'pop_size': 50, 'pb': 0.1, 'kf': 0.5, 'kr': 0.9, 'kg': 5}",579.644,579.65,1.03047,1.66809,0.97344,0.94758,0.1593,0.94758,0.96213,0.90262,209.89139,94.75815,0.4489,0.73835,1.294,2.25408,0.93538,0.8387,0.16943,0.8387,0.89415,0.83916,-158.70641,84.92664,0.44599,0.73519
tanh-13-RMSE,5,LCO-ELM,"{'epoch': 1000, 'pop_size': 50, 'r1': 2.35}",686.967,686.987,1.07601,1.7381,0.97113,0.94309,0.17131,0.94309,0.95915,0.90589,234.83557,94.3089,0.40883,0.69092,1.21802,2.11221,0.9301,0.85837,0.16719,0.85837,0.89717,0.83566,-63.35173,86.18721,0.45645,0.74216
tanh-13-RMSE,5,SMA-ELM,"{'epoch': 1000, 'pop_size': 50, 'p_t': 0.03}",743.828,743.843,1.00993,1.70422,0.97226,0.94529,0.14906,0.94529,0.96076,0.89771,210.20024,94.52862,0.47016,0.75634,1.19022,2.0852,0.92964,0.86197,0.15746,0.86197,0.89949,0.8042,-10.96669,86.3235,0.47387,0.75261
tanh-13-RMSE,5,SOA-ELM,"{'epoch': 1000, 'pop_size': 50, 'fc': 2}",695.08,695.12,1.06089,1.71239,0.97199,0.94476,0.16947,0.94476,0.95948,0.87561,208.44937,94.47621,0.4072,0.71709,1.22505,2.06077,0.9339,0.86518,0.17612,0.86518,0.89896,0.78671,-71.27079,86.90507,0.40418,0.71429
tanh-13-RMSE,5,TSA-ELM,"{'epoch': 1000, 'pop_size': 50}",708.732,708.775,1.02752,1.63917,0.97436,0.94938,0.16346,0.94938,0.96305,0.88052,200.04902,94.93842,0.43908,0.72118,1.26807,2.17364,0.92992,0.85001,0.16802,0.85001,0.91604,0.8042,-50.34334,85.31912,0.44599,0.7108
tanh-13-RMSE,5,AEO-ELM,"{'epoch': 1000, 'pop_size': 50}",696.777,696.818,0.97907,1.62509,0.97481,0.95025,0.14958,0.95025,0.9644,0.90098,199.78317,95.0249,0.45789,0.75552,1.19803,2.07597,0.93111,0.86319,0.16307,0.86319,0.9094,0.82517,-16.74866,86.46524,0.43902,0.74913
tanh-13-RMSE,5,HS-ELM,"{'epoch': 1000, 'pop_size': 50, 'c_r': 0.95, 'pa_r': 0.05}",710.628,710.677,0.90834,1.45345,0.9799,0.9602,0.14194,0.9602,0.97186,0.89689,178.4564,96.02038,0.49796,0.7776,1.36602,2.54626,0.91375,0.79418,0.1641,0.79418,0.88466,0.85315,-21.05376,79.68971,0.41812,0.73868
tanh-13-RMSE,5,GBO-ELM,"{'epoch': 1000, 'pop_size': 50, 'pr': 0.5, 'beta_min': 0.2, 'beta_max': 1.2}",403.32,403.342,0.91457,1.45719,0.9798,0.96,0.14343,0.96,0.97145,0.89116,173.70081,95.99984,0.4677,0.77514,1.22786,2.21068,0.93061,0.84486,0.15436,0.84486,0.914,0.8007,-64.9213,84.85468,0.45993,0.75958
tanh-13-RMSE,5,PSS-ELM,"{'epoch': 1000, 'pop_size': 50, 'acceptance_rate': 0.9, 'sampling_method': 'LHS'}",410.663,410.673,0.99679,1.57169,0.97646,0.95347,0.1645,0.95347,0.96675,0.87643,208.79769,95.34652,0.435,0.70728,1.14862,2.0157,0.93775,0.87102,0.1506,0.87102,0.9259,0.83217,-37.26062,87.30048,0.48432,0.77003
tanh-13-RMSE,5,INFO-ELM,"{'epoch': 1000, 'pop_size': 50}",322.32,322.336,0.88958,1.43173,0.9805,0.96138,0.13559,0.96138,0.97242,0.89607,162.71413,96.13841,0.50123,0.79886,1.21843,2.15025,0.9362,0.85322,0.15511,0.85322,0.91421,0.84266,-84.4719,85.78106,0.46341,0.78397
tanh-13-RMSE,5,RUN-ELM,"{'epoch': 1000, 'pop_size': 50}",244.498,244.508,0.8995,1.4475,0.98007,0.96053,0.13895,0.96053,0.97178,0.89525,165.97322,96.05285,0.47424,0.78087,1.29485,2.30112,0.93675,0.8319,0.15872,0.8319,0.8894,0.82867,-152.71838,84.1906,0.4878,0.7561
tanh-13-RMSE,6,GA-ELM,"{'epoch': 1000, 'pop_size': 50, 'pc': 0.85, 'pm': 0.05}",753.633,753.653,0.94716,1.55506,0.97696,0.95444,0.14001,0.95444,0.96677,0.89034,175.29145,95.44458,0.49877,0.78577,1.18069,2.07086,0.93847,0.86386,0.15321,0.86386,0.92422,0.77972,-46.02939,86.6467,0.4878,0.7561
tanh-13-RMSE,6,CRO-ELM,"{'epoch': 1000, 'pop_size': 50, 'po': 0.85, 'Fb': 0.9, 'Fa': 0.1, 'Fd': 0.1, 'Pd': 0.1, 'GCR': 0.1, 'gamma_min': 0.02, 'gamma_max': 0.2, 'n_trials': 3}",405.527,405.578,0.90784,1.43455,0.98042,0.96123,0.14695,0.96123,0.97229,0.88462,173.62147,96.12315,0.47343,0.7776,1.26328,2.31464,0.93042,0.82992,0.15985,0.82992,0.89891,0.77972,-102.88984,83.61764,0.49477,0.7561
tanh-13-RMSE,6,AGTO-ELM,"{'epoch': 1000, 'pop_size': 50, 'p1': 0.03, 'p2': 0.8, 'beta': 3.0}",695.846,695.889,0.93649,1.50384,0.97847,0.9574,0.14377,0.9574,0.96976,0.87643,188.59837,95.73965,0.47343,0.76778,1.22465,2.1505,0.93281,0.85319,0.15954,0.85319,0.91496,0.79021,-75.51679,85.73031,0.44251,0.75958
tanh-13-RMSE,6,DMOA-ELM,"{'epoch': 1000, 'pop_size': 50, 'peep': 2}",706.986,707.021,0.92857,1.49908,0.9786,0.95767,0.14618,0.95767,0.96872,0.8838,160.19701,95.76674,0.48651,0.76615,1.2139,2.18609,0.9404,0.84829,0.15344,0.84829,0.9012,0.8007,-110.26118,85.46644,0.48432,0.77352
tanh-13-RMSE,6,HGS-ELM,"{'epoch': 1000, 'pop_size': 50, 'PUP': 0.03, 'LH': 1000}",710.703,710.713,1.04077,1.67997,0.97305,0.94683,0.16832,0.94683,0.96195,0.89853,228.65803,94.68325,0.42518,0.69092,1.19915,2.05555,0.93357,0.86586,0.16917,0.86586,0.89001,0.81469,-74.80678,86.98001,0.45645,0.71777
tanh-13-RMSE,6,WOA-ELM,"{'epoch': 1000, 'pop_size': 50}",716.6,716.649,1.00197,1.60783,0.97535,0.9513,0.15572,0.9513,0.96562,0.89116,213.08155,95.13009,0.44154,0.72854,1.12043,1.95332,0.94251,0.87888,0.14838,0.87888,0.93467,0.82867,-23.96068,88.03486,0.48432,0.77003
tanh-13-RMSE,6,NRO-ELM,"{'epoch': 1000, 'pop_size': 50}",849.09,849.127,0.94266,1.5103,0.97828,0.95703,0.14459,0.95703,0.96924,0.88298,187.76773,95.70294,0.46934,0.76124,1.2914,2.30121,0.92231,0.83189,0.16637,0.83189,0.90773,0.80769,-26.38125,83.56528,0.47038,0.75958
tanh-13-RMSE,6,HGSO-ELM,"{'epoch': 1000, 'pop_size': 50, 'n_clusters': 2}",689.282,689.337,1.08371,1.71857,0.97178,0.94436,0.17323,0.94436,0.96094,0.86334,253.40267,94.43628,0.39902,0.68684,1.32318,2.25724,0.92221,0.83825,0.17134,0.83825,0.91285,0.79021,110.56451,83.83087,0.39721,0.64808
tanh-13-RMSE,6,ASO-ELM,"{'epoch': 1000, 'pop_size': 50, 'alpha': 10, 'beta': 0.2}",938.591,938.625,1.12418,1.79386,0.96922,0.93938,0.17432,0.93938,0.95648,0.87398,250.2303,93.93788,0.39084,0.68029,1.2924,2.12358,0.93596,0.85684,0.17749,0.85684,0.9042,0.78322,-116.52497,86.39481,0.43554,0.68293
tanh-13-RMSE,6,GSKA-ELM,"{'epoch': 1000, 'pop_size': 50, 'pb': 0.1, 'kf': 0.5, 'kr': 0.9, 'kg': 5}",587.964,587.97,1.04241,1.63395,0.97453,0.94971,0.16766,0.94971,0.96475,0.87316,240.99078,94.97067,0.43091,0.69338,1.33686,2.06399,0.93768,0.86476,0.20893,0.86476,0.88182,0.75524,-140.42954,87.4065,0.32753,0.64111
tanh-13-RMSE,6,LCO-ELM,"{'epoch': 1000, 'pop_size': 50, 'r1': 2.35}",671.252,671.273,1.04785,1.71803,0.9718,0.9444,0.15819,0.9444,0.96066,0.8928,227.95682,94.43969,0.42273,0.72281,1.22722,2.13206,0.93534,0.85569,0.16833,0.85569,0.8982,0.8042,-134.22255,86.37931,0.44251,0.74216
tanh-13-RMSE,6,SMA-ELM,"{'epoch': 1000, 'pop_size': 50, 'p_t': 0.03}",731.766,731.777,1.0764,1.7062,0.97219,0.94516,0.18337,0.94516,0.96068,0.88871,248.17488,94.51594,0.40556,0.67294,1.28506,2.14121,0.92878,0.85445,0.18775,0.85445,0.87057,0.76923,-106.06192,86.07821,0.3554,0.68293
tanh-13-RMSE,6,SOA-ELM,"{'epoch': 1000, 'pop_size': 50, 'fc': 2}",688.23,688.275,1.04644,1.7117,0.97201,0.94481,0.16153,0.94481,0.95886,0.90753,205.60153,94.48068,0.44154,0.72772,1.23963,2.27911,0.92057,0.8351,0.16435,0.8351,0.89811,0.82867,-69.39556,83.91531,0.44251,0.72822
tanh-13-RMSE,6,TSA-ELM,"{'epoch': 1000, 'pop_size': 50}",713.568,713.579,1.02685,1.66032,0.97369,0.94807,0.156,0.94807,0.96382,0.90262,232.5086,94.80715,0.43418,0.72608,1.16605,2.00906,0.93945,0.87186,0.16142,0.87186,0.9102,0.83217,-91.04246,87.6567,0.45993,0.73868
tanh-13-RMSE,6,AEO-ELM,"{'epoch': 1000, 'pop_size': 50}",699.819,699.862,1.02402,1.6547,0.97387,0.94842,0.15942,0.94842,0.96311,0.90344,217.87353,94.842,0.435,0.71872,1.25482,2.22269,0.92573,0.84317,0.16433,0.84317,0.90406,0.81818,-74.19943,84.7535,0.49477,0.73519
tanh-13-RMSE,6,HS-ELM,"{'epoch': 1000, 'pop_size': 50, 'c_r': 0.95, 'pa_r': 0.05}",714.852,714.904,0.93307,1.49257,0.97879,0.95803,0.14477,0.95803,0.97004,0.89034,182.04427,95.80322,0.47506,0.76043,1.17639,2.19283,0.92618,0.84735,0.15025,0.84735,0.92129,0.81818,-0.49883,84.84698,0.5122,0.74913
tanh-13-RMSE,6,GBO-ELM,"{'epoch': 1000, 'pop_size': 50, 'pr': 0.5, 'beta_min': 0.2, 'beta_max': 1.2}",398.75,398.771,0.90521,1.45776,0.97978,0.95997,0.13736,0.95997,0.97148,0.89034,169.49531,95.99669,0.48814,0.79068,1.16377,2.01061,0.94342,0.87167,0.15377,0.87167,0.91314,0.81818,-120.98119,87.81177,0.50871,0.78049
tanh-13-RMSE,6,PSS-ELM,"{'epoch': 1000, 'pop_size': 50, 'acceptance_rate': 0.9, 'sampling_method': 'LHS'}",414.002,414.011,0.97592,1.57479,0.97636,0.95328,0.15034,0.95328,0.96752,0.88298,213.44726,95.32838,0.46443,0.74816,1.204,2.12562,0.93323,0.85657,0.16248,0.85657,0.90925,0.8007,-88.29866,86.14405,0.47038,0.73868
tanh-13-RMSE,6,INFO-ELM,"{'epoch': 1000, 'pop_size': 50}",329.655,329.671,0.89312,1.45195,0.97994,0.96029,0.1393,0.96029,0.97159,0.89607,166.48114,96.02856,0.4955,0.79313,1.22423,2.21123,0.92976,0.84478,0.15357,0.84478,0.91367,0.83217,-66.44774,84.85919,0.49129,0.7561
tanh-13-RMSE,6,RUN-ELM,"{'epoch': 1000, 'pop_size': 50}",234.427,234.436,0.87706,1.42243,0.98076,0.96188,0.13427,0.96188,0.97278,0.88707,158.65333,96.18842,0.51186,0.8054,1.17668,2.07778,0.94026,0.86295,0.14758,0.86295,0.92,0.81818,-53.36561,86.56821,0.47735,0.76655
tanh-13-RMSE,7,GA-ELM,"{'epoch': 1000, 'pop_size': 50, 'pc': 0.85, 'pm': 0.05}",756.425,756.458,0.93991,1.50701,0.97837,0.95722,0.14447,0.95722,0.97001,0.89034,195.05636,95.72175,0.46852,0.75143,1.2134,2.05072,0.94258,0.8665,0.16005,0.8665,0.91811,0.80769,-90.23183,87.1289,0.47387,0.74216
tanh-13-RMSE,7,CRO-ELM,"{'epoch': 1000, 'pop_size': 50, 'po': 0.85, 'Fb': 0.9, 'Fa': 0.1, 'Fd': 0.1, 'Pd': 0.1, 'GCR': 0.1, 'gamma_min': 0.02, 'gamma_max': 0.2, 'n_trials': 3}",399.418,399.469,0.92605,1.4922,0.9788,0.95805,0.14815,0.95805,0.96982,0.87807,179.105,95.80531,0.4628,0.76043,1.25084,2.21114,0.92932,0.84479,0.16301,0.84479,0.91687,0.7972,2.83599,84.59177,0.4007,0.72474
tanh-13-RMSE,7,AGTO-ELM,"{'epoch': 1000, 'pop_size': 50, 'p1': 0.03, 'p2': 0.8, 'beta': 3.0}",696.492,696.53,0.91739,1.47837,0.9792,0.95883,0.14231,0.95883,0.97063,0.88953,176.86785,95.88268,0.47097,0.78087,1.18541,2.08028,0.93827,0.86262,0.15068,0.86262,0.92197,0.8042,-62.93311,86.59008,0.48432,0.77003
tanh-13-RMSE,7,DMOA-ELM,"{'epoch': 1000, 'pop_size': 50, 'peep': 2}",713.545,713.578,0.91518,1.50213,0.97852,0.95749,0.13733,0.95749,0.96963,0.89525,174.08772,95.74931,0.49632,0.78823,1.20111,2.09283,0.94164,0.86096,0.15279,0.86096,0.91421,0.77972,-89.64881,86.57225,0.47387,0.77352
tanh-13-RMSE,7,HGS-ELM,"{'epoch': 1000, 'pop_size': 50, 'PUP': 0.03, 'LH': 1000}",714.396,714.426,1.00762,1.62925,0.97468,0.94999,0.16163,0.94999,0.96446,0.88543,217.51465,94.99943,0.44317,0.72281,1.22952,2.01162,0.93851,0.87154,0.18015,0.87154,0.89657,0.82867,-100.22051,87.70979,0.41463,0.68641
tanh-13-RMSE,7,WOA-ELM,"{'epoch': 1000, 'pop_size': 50}",703.814,703.859,0.98059,1.60833,0.97533,0.95127,0.14741,0.95127,0.96515,0.89689,195.7077,95.12701,0.46198,0.75797,1.1748,2.18524,0.9284,0.84841,0.15308,0.84841,0.91323,0.81818,-58.39916,85.16953,0.51916,0.79094
tanh-13-RMSE,7,NRO-ELM,"{'epoch': 1000, 'pop_size': 50}",842.09,842.126,0.91628,1.51292,0.9782,0.95688,0.13889,0.95688,0.96912,0.89362,180.266,95.68801,0.50695,0.77923,1.21123,2.09026,0.93664,0.8613,0.15431,0.8613,0.92249,0.8042,-55.00032,86.42941,0.47387,0.74564
tanh-13-RMSE,7,HGSO-ELM,"{'epoch': 1000, 'pop_size': 50, 'n_clusters': 2}",689.703,689.712,1.05718,1.76238,0.9703,0.94149,0.15188,0.94149,0.95898,0.88789,240.47041,94.14907,0.44808,0.74898,1.23616,2.17845,0.92836,0.84935,0.15893,0.84935,0.91753,0.82867,-33.8992,85.17412,0.47735,0.78049
tanh-13-RMSE,7,ASO-ELM,"{'epoch': 1000, 'pop_size': 50, 'alpha': 10, 'beta': 0.2}",950.694,950.744,1.10208,1.77656,0.96982,0.94054,0.16807,0.94054,0.95902,0.84697,276.32342,94.05509,0.41047,0.68357,1.3478,2.31511,0.93053,0.82985,0.17518,0.82985,0.89879,0.77972,-83.78697,83.54158,0.4216,0.69686
tanh-13-RMSE,7,GSKA-ELM,"{'epoch': 1000, 'pop_size': 50, 'pb': 0.1, 'kf': 0.5, 'kr': 0.9, 'kg': 5}",563.013,563.019,1.05207,1.67456,0.97323,0.94717,0.16678,0.94717,0.9633,0.86661,260.26852,94.7178,0.44317,0.70564,1.38254,2.2084,0.92943,0.84518,0.20824,0.84518,0.8753,0.77273,-153.41682,85.58718,0.33449,0.64111
tanh-13-RMSE,7,LCO-ELM,"{'epoch': 1000, 'pop_size': 50, 'r1': 2.35}",703.299,703.31,1.06001,1.73741,0.97115,0.94313,0.15883,0.94313,0.95956,0.90098,230.92791,94.31348,0.43581,0.72363,1.21985,2.12724,0.93042,0.85635,0.1633,0.85635,0.90192,0.83566,-73.80589,86.04111,0.47387,0.73519
tanh-13-RMSE,7,SMA-ELM,"{'epoch': 1000, 'pop_size': 50, 'p_t': 0.03}",728.081,728.132,1.02558,1.69069,0.9727,0.94615,0.15283,0.94615,0.9614,0.89525,209.63611,94.61514,0.44235,0.73508,1.16508,1.95781,0.93929,0.87832,0.16322,0.87832,0.89915,0.79371,-57.26828,88.11781,0.42857,0.74564
tanh-13-RMSE,7,SOA-ELM,"{'epoch': 1000, 'pop_size': 50, 'fc': 2}",702.708,702.758,1.07367,1.75089,0.97069,0.94225,0.16213,0.94225,0.9587,0.88625,235.02542,94.22485,0.41374,0.72036,1.25805,2.16378,0.92985,0.85137,0.16906,0.85137,0.91089,0.77273,-64.70655,85.52317,0.44599,0.72125
tanh-13-RMSE,7,TSA-ELM,"{'epoch': 1000, 'pop_size': 50}",713.443,713.494,1.03274,1.64686,0.97412,0.94891,0.16012,0.94891,0.96369,0.88298,220.29835,94.89074,0.43581,0.72608,1.17857,2.05803,0.9344,0.86554,0.1574,0.86554,0.91365,0.81119,-48.73296,86.82841,0.49129,0.73868
tanh-13-RMSE,7,AEO-ELM,"{'epoch': 1000, 'pop_size': 50}",673.948,673.986,0.98022,1.65122,0.97398,0.94864,0.14028,0.94864,0.96322,0.90507,194.77205,94.86362,0.47588,0.79068,1.15014,2.09908,0.92971,0.86012,0.14291,0.86012,0.92828,0.80769,51.15269,86.01952,0.49826,0.76307
tanh-13-RMSE,7,HS-ELM,"{'epoch': 1000, 'pop_size': 50, 'c_r': 0.95, 'pa_r': 0.05}",711.003,711.021,0.89066,1.43262,0.98048,0.96134,0.13521,0.96134,0.9723,0.89198,161.35461,96.1336,0.48733,0.79886,1.26136,2.30536,0.9264,0.83128,0.15325,0.83128,0.90713,0.81818,-59.33804,83.49073,0.49477,0.76307
tanh-13-RMSE,7,GBO-ELM,"{'epoch': 1000, 'pop_size': 50, 'pr': 0.5, 'beta_min': 0.2, 'beta_max': 1.2}",393.714,393.738,0.90662,1.46413,0.9796,0.95962,0.14515,0.95962,0.97115,0.90426,174.80357,95.96166,0.47588,0.77024,1.15117,2.08767,0.93671,0.86164,0.15299,0.86164,0.92336,0.84266,-53.92446,86.44049,0.48432,0.77352
tanh-13-RMSE,7,PSS-ELM,"{'epoch': 1000, 'pop_size': 50, 'acceptance_rate': 0.9, 'sampling_method': 'LHS'}",500.457,500.467,1.02794,1.59479,0.97575,0.95209,0.17525,0.95209,0.9655,0.84943,218.80634,95.20875,0.41374,0.67702,1.3431,2.08314,0.93984,0.86224,0.20704,0.86224,0.89295,0.74476,-152.5873,87.2422,0.35889,0.62718
tanh-13-RMSE,7,INFO-ELM,"{'epoch': 1000, 'pop_size': 50}",318.652,318.669,0.88882,1.4373,0.98035,0.96108,0.13658,0.96108,0.97223,0.89525,165.53855,96.1083,0.49877,0.78332,1.20531,2.13162,0.93541,0.85575,0.15735,0.85575,0.91656,0.83217,-77.38828,85.99914,0.49477,0.75261
tanh-13-RMSE,7,RUN-ELM,"{'epoch': 1000, 'pop_size': 50}",244.836,244.845,0.88011,1.4171,0.9809,0.96217,0.13412,0.96217,0.97302,0.89444,160.00404,96.21694,0.50041,0.80458,1.19423,2.12226,0.93824,0.85702,0.149,0.85702,0.91528,0.81818,-87.37887,86.16064,0.49477,0.78049
tanh-13-RMSE,8,GA-ELM,"{'epoch': 1000, 'pop_size': 50, 'pc': 0.85, 'pm': 0.05}",736.991,737.017,0.9456,1.54068,0.97739,0.95528,0.14421,0.95528,0.96831,0.89853,190.43429,95.52832,0.48242,0.76288,1.23733,2.19155,0.92864,0.84753,0.16668,0.84753,0.90654,0.80769,-82.63781,85.21992,0.45296,0.74564
tanh-13-RMSE,8,CRO-ELM,"{'epoch': 1000, 'pop_size': 50, 'po': 0.85, 'Fb': 0.9, 'Fa': 0.1, 'Fd': 0.1, 'Pd': 0.1, 'GCR': 0.1, 'gamma_min': 0.02, 'gamma_max': 0.2, 'n_trials': 3}",396.93,396.946,0.87519,1.41261,0.98102,0.96241,0.1361,0.96241,0.97324,0.89689,160.66269,96.24083,0.4955,0.79477,1.22377,2.2379,0.93222,0.84101,0.14958,0.84101,0.9084,0.82517,-64.10459,84.47497,0.48084,0.77003
tanh-13-RMSE,8,AGTO-ELM,"{'epoch': 1000, 'pop_size': 50, 'p1': 0.03, 'p2': 0.8, 'beta': 3.0}",698.398,698.436,0.9287,1.48472,0.97902,0.95847,0.14574,0.95847,0.97032,0.88298,178.9683,95.84728,0.4628,0.76533,1.17465,2.07606,0.93785,0.86317,0.14992,0.86317,0.92417,0.80769,-48.14351,86.57986,0.4878,0.76655
tanh-13-RMSE,8,DMOA-ELM,"{'epoch': 1000, 'pop_size': 50, 'peep': 2}",706.659,706.695,0.93782,1.48618,0.97897,0.95839,0.14608,0.95839,0.97048,0.89198,183.3876,95.83912,0.47261,0.75225,1.21753,2.06541,0.94117,0.86458,0.16763,0.86458,0.90376,0.80769,-140.97442,87.29598,0.44599,0.73868
tanh-13-RMSE,8,HGS-ELM,"{'epoch': 1000, 'pop_size': 50, 'PUP': 0.03, 'LH': 1000}",717.852,717.88,1.02238,1.63356,0.97454,0.94973,0.16903,0.94973,0.96389,0.85516,215.62476,94.97294,0.42518,0.69665,1.21272,2.06462,0.93485,0.86468,0.17143,0.86468,0.9007,0.8007,-85.97277,86.93937,0.4669,0.70035
tanh-13-RMSE,8,WOA-ELM,"{'epoch': 1000, 'pop_size': 50}",702.429,702.477,0.93805,1.51433,0.97816,0.9568,0.14881,0.9568,0.96906,0.90262,182.50077,95.67996,0.46525,0.75634,1.20931,2.25069,0.92683,0.83919,0.15586,0.83919,0.90893,0.84266,-75.92756,84.36777,0.50174,0.78049
tanh-13-RMSE,8,NRO-ELM,"{'epoch': 1000, 'pop_size': 50}",831.543,831.579,0.95438,1.51299,0.9782,0.95688,0.15274,0.95688,0.96947,0.88298,199.76193,95.68763,0.45217,0.74734,1.22454,2.1868,0.93453,0.84819,0.16116,0.84819,0.90802,0.83566,-107.08282,85.45075,0.4878,0.75261
tanh-13-RMSE,8,HGSO-ELM,"{'epoch': 1000, 'pop_size': 50, 'n_clusters': 2}",684.537,684.594,1.09886,1.78015,0.96969,0.9403,0.16092,0.9403,0.95675,0.87807,226.21735,94.03024,0.41783,0.70973,1.35189,2.18485,0.92963,0.84846,0.1923,0.84846,0.90674,0.73427,-74.25328,85.3436,0.39721,0.67596
tanh-13-RMSE,8,ASO-ELM,"{'epoch': 1000, 'pop_size': 50, 'alpha': 10, 'beta': 0.2}",933.47,933.504,1.07105,1.80155,0.96895,0.93886,0.15258,0.93886,0.95551,0.89444,212.90326,93.88591,0.44808,0.75715,1.19352,2.11796,0.93278,0.8576,0.1529,0.8576,0.92087,0.83217,-45.0155,86.01652,0.4878,0.78049
tanh-13-RMSE,8,GSKA-ELM,"{'epoch': 1000, 'pop_size': 50, 'pb': 0.1, 'kf': 0.5, 'kr': 0.9, 'kg': 5}",567.629,567.635,1.05675,1.63944,0.97436,0.94937,0.17225,0.94937,0.96464,0.87643,249.23685,94.93691,0.40638,0.67294,1.24784,2.10809,0.93448,0.85892,0.17413,0.85892,0.90573,0.74825,-96.77113,86.45201,0.42509,0.7108
tanh-13-RMSE,8,LCO-ELM,"{'epoch': 1000, 'pop_size': 50, 'r1': 2.35}",704.841,704.878,1.00595,1.6393,0.97436,0.94938,0.15014,0.94938,0.9633,0.88707,195.04106,94.93758,0.45544,0.75225,1.23595,2.08229,0.93507,0.86235,0.17071,0.86235,0.90548,0.78671,-91.10425,86.74486,0.44599,0.72822
tanh-13-RMSE,8,SMA-ELM,"{'epoch': 1000, 'pop_size': 50, 'p_t': 0.03}",648.0,648.018,1.03751,1.70114,0.97236,0.94548,0.15559,0.94548,0.96091,0.88625,215.60435,94.54837,0.44317,0.73099,1.27087,2.17289,0.9269,0.85011,0.1778,0.85011,0.89667,0.79021,-70.06036,85.41946,0.40418,0.71429
tanh-13-RMSE,8,SOA-ELM,"{'epoch': 1000, 'pop_size': 50, 'fc': 2}",702.532,702.583,1.05305,1.72129,0.97169,0.94418,0.1596,0.94418,0.95954,0.89771,212.23316,94.4185,0.44726,0.73671,1.15041,2.05525,0.93463,0.86591,0.15149,0.86591,0.9137,0.83916,-52.11249,86.86895,0.51568,0.77003
tanh-13-RMSE,8,TSA-ELM,"{'epoch': 1000, 'pop_size': 50}",708.984,709.029,0.98698,1.59413,0.97577,0.95213,0.14959,0.95213,0.96651,0.88543,212.65967,95.21283,0.4677,0.73508,1.31162,2.19862,0.93775,0.84654,0.17782,0.84654,0.89917,0.78671,-143.27849,85.59894,0.41115,0.73519
tanh-13-RMSE,8,AEO-ELM,"{'epoch': 1000, 'pop_size': 50}",696.109,696.148,0.97144,1.59023,0.97589,0.95236,0.14947,0.95236,0.96602,0.88052,204.96205,95.2361,0.46198,0.75307,1.26133,2.09019,0.93552,0.86131,0.17679,0.86131,0.9117,0.76923,-83.36946,86.60558,0.41115,0.69338
tanh-13-RMSE,8,HS-ELM,"{'epoch': 1000, 'pop_size': 50, 'c_r': 0.95, 'pa_r': 0.05}",618.266,618.282,0.90996,1.47274,0.97936,0.95914,0.14044,0.95914,0.97109,0.89034,179.6775,95.91405,0.49141,0.76697,1.29157,2.39329,0.91855,0.81817,0.16107,0.81817,0.90425,0.78671,-37.92596,82.12968,0.49129,0.73868
tanh-13-RMSE,8,GBO-ELM,"{'epoch': 1000, 'pop_size': 50, 'pr': 0.5, 'beta_min': 0.2, 'beta_max': 1.2}",385.473,385.495,0.91207,1.45543,0.97984,0.96009,0.1449,0.96009,0.97149,0.89034,172.98493,96.0095,0.4677,0.76942,1.24382,2.15113,0.93373,0.8531,0.16381,0.8531,0.90897,0.79371,-101.09469,85.88284,0.4878,0.73519
tanh-13-RMSE,8,PSS-ELM,"{'epoch': 1000, 'pop_size': 50, 'acceptance_rate': 0.9, 'sampling_method': 'LHS'}",459.879,459.885,0.97678,1.60377,0.97547,0.95155,0.15267,0.95155,0.9644,0.88789,183.9033,95.15479,0.47588,0.74325,1.24845,2.23074,0.93014,0.84203,0.15378,0.84203,0.91145,0.83916,-10.49871,84.35297,0.49826,0.7561
tanh-13-RMSE,8,INFO-ELM,"{'epoch': 1000, 'pop_size': 50}",302.406,302.422,0.87185,1.43129,0.98051,0.96141,0.13114,0.96141,0.9723,0.89771,157.60809,96.14075,0.52412,0.8054,1.17544,2.17592,0.93291,0.8497,0.14279,0.8497,0.91735,0.84266,-47.87952,85.24055,0.50871,0.79094
tanh-13-RMSE,8,RUN-ELM,"{'epoch': 1000, 'pop_size': 50}",255.564,255.574,0.8914,1.4471,0.98008,0.96055,0.13349,0.96055,0.97188,0.90016,164.05639,96.05504,0.50286,0.79886,1.21474,2.21359,0.93218,0.84445,0.15167,0.84445,0.90988,0.8007,-88.78604,84.96,0.5122,0.78397
tanh-13-RMSE,9,GA-ELM,"{'epoch': 1000, 'pop_size': 50, 'pc': 0.85, 'pm': 0.05}",734.858,734.905,0.96451,1.56306,0.97672,0.95397,0.15206,0.95397,0.96772,0.87807,208.74762,95.39759,0.4628,0.73835,1.11099,1.95439,0.94362,0.87874,0.14491,0.87874,0.93249,0.82517,-42.40187,88.08245,0.4878,0.78746
tanh-13-RMSE,9,CRO-ELM,"{'epoch': 1000, 'pop_size': 50, 'po': 0.85, 'Fb': 0.9, 'Fa': 0.1, 'Fd': 0.1, 'Pd': 0.1, 'GCR': 0.1, 'gamma_min': 0.02, 'gamma_max': 0.2, 'n_trials': 3}",405.415,405.431,0.91,1.44706,0.98008,0.96055,0.14323,0.96055,0.97176,0.89116,171.89783,96.05528,0.48487,0.77105,1.17863,2.19855,0.93074,0.84655,0.14525,0.84655,0.91742,0.83566,-28.63264,84.85103,0.50523,0.777
tanh-13-RMSE,9,AGTO-ELM,"{'epoch': 1000, 'pop_size': 50, 'p1': 0.03, 'p2': 0.8, 'beta': 3.0}",702.064,702.104,0.93618,1.47946,0.97917,0.95877,0.15148,0.95877,0.97052,0.88543,189.2372,95.87664,0.46198,0.74244,1.20602,2.08312,0.93343,0.86224,0.15947,0.86224,0.92543,0.83916,-20.60962,86.37797,0.43206,0.72474
tanh-13-RMSE,9,DMOA-ELM,"{'epoch': 1000, 'pop_size': 50, 'peep': 2}",695.721,695.756,0.93486,1.48675,0.97896,0.95836,0.14626,0.95836,0.97025,0.89116,183.27329,95.83591,0.4677,0.74898,1.19959,2.10025,0.93682,0.85997,0.15504,0.85997,0.91716,0.82517,-82.74103,86.43632,0.48432,0.74564
tanh-13-RMSE,9,HGS-ELM,"{'epoch': 1000, 'pop_size': 50, 'PUP': 0.03, 'LH': 1000}",719.991,720.006,0.97725,1.65797,0.97376,0.94822,0.1393,0.94822,0.963,0.89444,200.1046,94.82155,0.50041,0.7825,1.16008,2.08066,0.93366,0.86257,0.14982,0.86257,0.92792,0.8042,-8.30284,86.37507,0.5122,0.76655
tanh-13-RMSE,9,WOA-ELM,"{'epoch': 1000, 'pop_size': 50}",692.339,692.392,0.9491,1.49474,0.97873,0.95791,0.15253,0.95791,0.97007,0.88543,192.7027,95.79102,0.45626,0.73835,1.34722,2.20103,0.9328,0.84621,0.19021,0.84621,0.89803,0.7972,-133.64936,85.47795,0.35192,0.68293
tanh-13-RMSE,9,NRO-ELM,"{'epoch': 1000, 'pop_size': 50}",849.731,849.77,0.94276,1.52384,0.97788,0.95626,0.14362,0.95626,0.96871,0.89607,183.71293,95.62553,0.46852,0.7825,1.20967,2.09662,0.93373,0.86045,0.16295,0.86045,0.9228,0.8042,-33.30268,86.27306,0.47387,0.73171
tanh-13-RMSE,9,HGSO-ELM,"{'epoch': 1000, 'pop_size': 50, 'n_clusters': 2}",700.743,700.793,1.11848,1.75244,0.97064,0.94215,0.1811,0.94215,0.95841,0.8838,253.70645,94.21465,0.37204,0.67212,1.18934,2.09467,0.9336,0.86071,0.15116,0.86071,0.92778,0.84965,41.00584,86.0881,0.43902,0.74216
tanh-13-RMSE,9,ASO-ELM,"{'epoch': 1000, 'pop_size': 50, 'alpha': 10, 'beta': 0.2}",951.492,951.555,1.10455,1.7921,0.96928,0.9395,0.16729,0.9395,0.95776,0.87398,265.00632,93.95022,0.40965,0.70237,1.32602,2.30871,0.92372,0.83079,0.17353,0.83079,0.89947,0.78322,-98.3553,83.71149,0.47038,0.70732
tanh-13-RMSE,9,GSKA-ELM,"{'epoch': 1000, 'pop_size': 50, 'pb': 0.1, 'kf': 0.5, 'kr': 0.9, 'kg': 5}",524.173,524.174,1.02354,1.6258,0.97478,0.95021,0.16907,0.95021,0.96431,0.87234,225.45809,95.02057,0.43418,0.70891,1.2837,2.10551,0.93597,0.85927,0.17905,0.85927,0.91469,0.78322,-83.81111,86.40011,0.39373,0.70732
tanh-13-RMSE,9,LCO-ELM,"{'epoch': 1000, 'pop_size': 50, 'r1': 2.35}",696.146,696.19,1.02847,1.6844,0.97291,0.94655,0.15597,0.94655,0.96272,0.88052,234.38402,94.65545,0.435,0.73099,1.20113,2.00059,0.9385,0.87294,0.16938,0.87294,0.91234,0.77622,-65.31489,87.63866,0.43554,0.72822
tanh-13-RMSE,9,SMA-ELM,"{'epoch': 1000, 'pop_size': 50, 'p_t': 0.03}",497.914,497.926,1.05598,1.68853,0.97277,0.94629,0.16909,0.94629,0.9615,0.88052,225.77986,94.62888,0.40556,0.69011,1.27555,2.10761,0.93012,0.85899,0.18883,0.85899,0.8802,0.74825,-80.0944,86.35585,0.37979,0.6899
tanh-13-RMSE,9,SOA-ELM,"{'epoch': 1000, 'pop_size': 50, 'fc': 2}",656.836,656.881,1.06642,1.72455,0.97158,0.94397,0.16064,0.94397,0.95962,0.89362,219.64459,94.39735,0.42845,0.71627,1.18952,2.0954,0.93137,0.86061,0.15718,0.86061,0.90978,0.81469,-44.05064,86.31522,0.49477,0.74913
tanh-13-RMSE,9,TSA-ELM,"{'epoch': 1000, 'pop_size': 50}",612.496,612.535,1.01315,1.59056,0.97588,0.95234,0.16781,0.95234,0.96601,0.85761,219.85208,95.23408,0.41783,0.70074,1.32007,2.2145,0.93143,0.84432,0.1773,0.84432,0.90866,0.8007,-90.45948,84.98727,0.41463,0.71777
tanh-13-RMSE,9,AEO-ELM,"{'epoch': 1000, 'pop_size': 50}",701.41,701.451,1.01045,1.66946,0.97339,0.9475,0.1548,0.9475,0.96216,0.90262,201.06398,94.74954,0.44072,0.74162,1.1556,2.10654,0.932,0.85913,0.14481,0.85913,0.92904,0.84266,18.45165,85.96664,0.49826,0.77003
tanh-13-RMSE,9,HS-ELM,"{'epoch': 1000, 'pop_size': 50, 'c_r': 0.95, 'pa_r': 0.05}",479.318,479.346,0.90483,1.45154,0.97995,0.96031,0.13893,0.96031,0.97159,0.8928,167.32116,96.03082,0.47588,0.7915,1.21472,2.14907,0.93436,0.85338,0.15697,0.85338,0.91528,0.80769,-79.54901,85.77483,0.44948,0.74913
tanh-13-RMSE,9,GBO-ELM,"{'epoch': 1000, 'pop_size': 50, 'pr': 0.5, 'beta_min': 0.2, 'beta_max': 1.2}",408.941,408.964,0.90688,1.46547,0.97956,0.95954,0.13748,0.95954,0.97084,0.90098,163.3776,95.95425,0.47097,0.7964,1.2068,2.17353,0.93406,0.85003,0.14811,0.85003,0.91293,0.81818,-87.90453,85.4811,0.49826,0.78049
tanh-13-RMSE,9,PSS-ELM,"{'epoch': 1000, 'pop_size': 50, 'acceptance_rate': 0.9, 'sampling_method': 'LHS'}",396.435,396.441,1.01726,1.61183,0.97522,0.95106,0.15943,0.95106,0.96448,0.89444,198.94717,95.10582,0.43663,0.72363,1.17325,2.10571,0.93201,0.85924,0.15549,0.85924,0.90945,0.83916,-65.57742,86.26835,0.50871,0.77003
tanh-13-RMSE,9,INFO-ELM,"{'epoch': 1000, 'pop_size': 50}",307.865,307.881,0.87898,1.41131,0.98106,0.96248,0.13566,0.96248,0.9732,0.89116,162.49225,96.24778,0.4906,0.79231,1.22413,2.24932,0.93305,0.83938,0.14685,0.83938,0.90422,0.83566,-65.14541,84.29751,0.49826,0.78397
tanh-13-RMSE,9,RUN-ELM,"{'epoch': 1000, 'pop_size': 50}",268.395,268.404,0.87668,1.41769,0.98089,0.96214,0.13267,0.96214,0.973,0.90016,159.23098,96.21378,0.50531,0.79967,1.20611,2.08144,0.937,0.86247,0.15726,0.86247,0.91586,0.81119,-84.97818,86.70086,0.48084,0.7561
